cardId,name,cardType,rarity,cost,color,bp,assist,colorRestriction,trait,series,effect,flavor,illustrator,imageUrl
BT1-116,エルフの長老 ズモギン,サポーター,R,7,緑,-,-,緑4,メテオラス/エルフ,次元の来訪者,【登場時】制圧中のユニット1体をユニットエリアに移動させる。 【メイン】このサポーターと自分のレイキ1枚をレストすることで、≪レイキ追加1≫（自分のレイキデッキの上から1枚をレイキエリアに置く）。,排他的思想を扇動するエルフ族の長老。大昔に起きた内戦では劣勢を覆し勝利に導き、エルフたちからは英雄視されている。,モト,https://yhytewknpiutznqvlupd.supabase.co/storage/v1/object/public/card-images/BT1/06ce1fe4-f977-4c88-87d5-965bdf4a6dca/R_supportBT1-116.png
BT1-115,フェアリーの協力者 クルミ,サポーター,RR,2,緑,-,-,緑2,メテオラス/フェアリー,次元の来訪者,【メイン】このサポーターをレストすることで、相手のターン終了まで、自分のユニット1体をBP+1000。,少し天然だが明るい性格のフェアリー。ボディランゲージでオロチたちと意思疎通し、長く続く内戦を終わらせるために彼らを導く。,コメスケ,https://yhytewknpiutznqvlupd.supabase.co/storage/v1/object/public/card-images/BT1/3408749d-2987-4220-af42-6c196060b29f/RR_supportBT1-115.png
BT1-114,一触即発,イベント,C,4,緑,-,-,緑1,-,次元の来訪者,【メイン】コスト4以下の制圧中のユニット全てをユニットエリアに移動させる。,セイドウも参戦して激化する戦場を後にし、クルミは「争いを止める方法」を知っているという人物の元へ、オロチたちを導く。,流セイヤ,https://yhytewknpiutznqvlupd.supabase.co/storage/v1/object/public/card-images/BT1/4b5d940f-70af-47f2-8331-fcc78b017586/C_eventBT1-114.png
BT1-113,悠久の歴史,イベント,C,3,緑,-,-,緑2,-,次元の来訪者,【メイン】自分のレイキ2枚をレイキデッキの下に戻す。その後、≪レイキ追加2≫（自分のレイキデッキの上から2枚をレイキエリアに置く）。,古代遺跡に象形文字で刻まれていたのは、協力関係を築こうとするたびに絶対に「裏切り者」が現れるメテオラスの歴史であった。,流セイヤ,https://yhytewknpiutznqvlupd.supabase.co/storage/v1/object/public/card-images/BT1/5569d579-e2db-4f90-b697-16e6db41318f/C_eventBT1-113.png
BT1-112,奥義:ヤーマの罠,イベント,R,3,緑,-,-,緑1,-,次元の来訪者,特徴に「ヤーマ」を持つ自分のユニットがアタックしている間、自分の手札から、このカードを使用するとき、支払う無色コスト-2。 【メイン】【コンバット】制圧中のユニット1体をユニットエリアに移動させる。,ヤーマの知略は短絡的なものを再起不能にする。,モト,https://yhytewknpiutznqvlupd.supabase.co/storage/v1/object/public/card-images/BT1/1b274bb7-98fc-488f-9c91-a3f5062faab2/R_eventBT1-112.png
BT1-111,奥義:オロチの脱皮,イベント,RR,3,緑,-,-,緑1,-,次元の来訪者,特徴に「オロチ」を持つ自分のユニットがいる間、自分の手札から、このカードを使用するとき、支払う無色コスト-1。 【メイン】相手のターン終了まで、自分のユニット1体をBP+3000。,オロチは脱皮することで、あらゆる身体機能が向上する。,モト,https://yhytewknpiutznqvlupd.supabase.co/storage/v1/object/public/card-images/BT1/e9b9d013-a4d0-4259-ae3c-2ea1ff9c9270/RR_eventBT1-111.png
BT1-110,プランニング,イベント,C,2,緑,-,-,緑1,-,次元の来訪者,【メイン】≪レイキ追加1≫（自分のレイキデッキの上から1枚をレイキエリアに置く）,当てがなくても『とりあえずの目的』を決めるのは大事。,モト,https://yhytewknpiutznqvlupd.supabase.co/storage/v1/object/public/card-images/BT1/e83677dd-8808-41a1-a0ab-1fc3aa8b0362/C_eventBT1-110.png
BT1-109,到着！メテオラス！,イベント,C,2,緑,-,-,緑1,-,次元の来訪者,【メイン】相手のターン終了まで、自分のユニット1体をBP+2000。,自然と争いの都市メテオラス。元々三大勢力による争いが絶えず、セイドウの侵略の結果内戦はより混沌、激化している。,モト,https://yhytewknpiutznqvlupd.supabase.co/storage/v1/object/public/card-images/BT1/c653be11-0847-44d3-8236-afaa590a622b/C_eventBT1-109.png
BT1-108,喧噪,イベント,C,2,緑,-,-,緑1,-,次元の来訪者,【メイン】制圧中のユニット1体をユニットエリアに移動させる。,痛々しい争いの痕跡を眺めていたのもつかの間、喧噪に巻き込まれそうになったオロチとヤーマ。,小山内えのん,https://yhytewknpiutznqvlupd.supabase.co/storage/v1/object/public/card-images/BT1/0119b2da-d28c-4ff2-b7ca-8f5dd29106c5/C_eventBT1-108.png
BT1-107,誘い,イベント,R,2,緑,-,-,緑2,-,次元の来訪者,【メイン】ターン終了まで、緑の自分のユニット1体は「このユニットがアタックしている間、相手は助太刀できない。」の効果を得る。,「こっちこっち！！」喧噪に巻き込まれたオロチたちに手を差し伸べたのは、妖精のような少女だった。,流セイヤ,https://yhytewknpiutznqvlupd.supabase.co/storage/v1/object/public/card-images/BT1/a531a850-6024-4874-ba07-6dd286e3306b/R_eventBT1-107.png
BT1-106,ヤーマ,ユニット,RRR,9,緑,10000,-,緑5,ヤーマ/CNP,次元の来訪者,【登場時】制圧中の相手のユニット2体までをユニットエリアに移動させる。,物知りで、決断力に優れている小鬼のヤーマ。逆境に強く、ここぞという場面で能力を発揮する。,モト,https://yhytewknpiutznqvlupd.supabase.co/storage/v1/object/public/card-images/BT1/cf5db34f-de89-4ff8-afdf-f89c926b1bd5/RRR_unitBT1-106.png
BT1-105,完全変態個体 レトゥ,ユニット,R,9,緑,10000,-,緑2,メテオラス/フェアリー,次元の来訪者,≪ゲージブレイク≫（このユニットが相手のゲージを減らすとき、2枚減らす）,蛹を経て再誕したフェアリー族の一人。変態を遂げてしまった個体は強大な力と高度な知性を得ると同時に他者を見下すようになる。,流セイヤ,https://yhytewknpiutznqvlupd.supabase.co/storage/v1/object/public/card-images/BT1/a21931bc-48d2-4100-895e-358e196de9b1/R_unitBT1-105.png
BT1-104,オロチ,ユニット,RRR,8,緑,8000,-,緑5,オロチ/CNP,次元の来訪者,≪ゲージブレイク≫（このユニットが相手のゲージを減らすとき、2枚減らす） 【お互いのターン】自分のユニット全てをBP+1000。,聡明で面倒見が良く、仲間を献身的にサポートする白蛇のオロチ。我慢強いものの、怒ると毒の牙で攻撃する。,コメスケ,https://yhytewknpiutznqvlupd.supabase.co/storage/v1/object/public/card-images/BT1/975b2809-3597-442c-a9c9-d3d38e93cbbf/RRR_unitBT1-104.png
BT1-103,ユウギリ,ユニット,R,6,緑,5000,1000,緑1,セイドウ/ユウギリ,次元の来訪者,【お互いのターン】特徴に「セイドウ」を持つ自分のユニット全てをBP+1000。,テンシュの部下。メテオラスを侵略するために動いているはずだが、まだ神器の力は使っていない。,コメスケ,https://yhytewknpiutznqvlupd.supabase.co/storage/v1/object/public/card-images/BT1/65b9a515-1e07-48e3-8c8a-1e60f12fb58e/R_unitBT1-103.png
BT1-102,ベヒーモス,ユニット,C,6,緑,7000,1000,緑1,メテオラス/アニマル,次元の来訪者,,獰猛で食欲旺盛で羽が生えたカバ。 ウッドレイスも含めてあらゆる植物を食らいつくす。,モト,https://yhytewknpiutznqvlupd.supabase.co/storage/v1/object/public/card-images/BT1/83759ed2-70fe-4e51-8f5b-90adf6e10d70/C_unitBT1-102.png
BT1-101,フウジン,ユニット,RR,6,緑,6000,1000,緑3,ヤーマ/CNP,次元の来訪者,【登場時】コスト5以下の制圧中の相手のユニット全てをユニットエリアに移動させる。,風神に変化したヤーマは、たちまち強風を巻き起こし、敵を追い払う。,モト,https://yhytewknpiutznqvlupd.supabase.co/storage/v1/object/public/card-images/BT1/42070615-39ad-422d-8ec1-bb267b8cce9a/RR_unitBT1-101.png
BT1-100,ダイアモンド,ユニット,RR,6,緑,6000,1000,緑4,オロチ/CNP,次元の来訪者,【登場時】≪レイキ追加1≫（自分のレイキデッキの上から1枚をレイキエリアに置く）,白蛇のオロチがダイアモンドに変化した姿。その最強クラスの硬度で、攻撃にも防御にも活躍する。,流セイヤ,https://yhytewknpiutznqvlupd.supabase.co/storage/v1/object/public/card-images/BT1/b27cd6ed-e074-4529-8a4e-c95049ee287e/RR_unitBT1-100.png
BT1-99,レギオオカミ,ユニット,C,5,緑,6000,1000,緑1,メテオラス/アニマル,次元の来訪者,,オロチとヤーマが目にしたのは、動物たちの根城となった数多の廃墟だった。,モト,https://yhytewknpiutznqvlupd.supabase.co/storage/v1/object/public/card-images/BT1/df6aa081-1cbe-4c20-aab9-a781087afd17/C_unitBT1-099.png
BT1-98,長樹のウッドレイス ギスクヤ,ユニット,C,4,緑,4000,1000,緑2,メテオラス/ウッドレイス,次元の来訪者,【登場時】制圧中の自分のユニット1体をユニットエリアに移動できる。,ウッドレイスのご意見番的存在。余りにも多種多様なウッドレイスは悩みも多種多様であり、相談者が後を絶たない。,流セイヤ,https://yhytewknpiutznqvlupd.supabase.co/storage/v1/object/public/card-images/BT1/0ce6d630-b725-4ef6-9a7c-8dc9c0eaef35/C_unitBT1-098.png
BT1-97,式神・鹿,ユニット,R,4,緑,4000,1000,ー,セイドウ/式神,次元の来訪者,【登場時】自分のレイキ1枚をレイキデッキの下に戻す。その後、≪レイキ追加1≫（自分のレイキデッキの上から1枚をレイキエリアに置く）。,鹿を模した形代で召喚した式神。パワーは低いが周囲の環境を操作する能力を持っている。,モト,https://yhytewknpiutznqvlupd.supabase.co/storage/v1/object/public/card-images/BT1/88bfe7c1-85d0-4bca-89ce-9ac917b6fc36/R_unitBT1-097.png
BT1-96,フェアリーの蛹,ユニット,C,3,緑,1000,1000,緑2,メテオラス/フェアリー,次元の来訪者,【自分のターン開始時】このユニットが制圧中なら、このユニットを退場させることで、自分のデッキの上から1枚オープンする。それが緑のユニットカードならコストを支払わずに登場させる。残りは手札に加える。,フェアリーが繭を形成し完全変態を遂げる準備を行っている姿。,流セイヤ,https://yhytewknpiutznqvlupd.supabase.co/storage/v1/object/public/card-images/BT1/e4eff749-9245-41f8-ad39-23954ea2d9eb/C_unitBT1-096.png
BT1-95,フェアリー,ユニット,C,3,緑,4000,1000,緑1,メテオラス/フェアリー,次元の来訪者,,フェアリーは昆虫の要素を身に宿す人型の種族。基本的には温厚な種族。,流セイヤ,https://yhytewknpiutznqvlupd.supabase.co/storage/v1/object/public/card-images/BT1/16e0aa8b-ce26-4542-a300-db90a82b2294/C_unitBT1-095.png
BT1-94,式神・蝶,ユニット,C,3,緑,3000,1000,ー,セイドウ/式神,次元の来訪者,,蝶を模した形代で召喚した式神。使い勝手が良い。,モト,https://yhytewknpiutznqvlupd.supabase.co/storage/v1/object/public/card-images/BT1/212750f9-27b5-4abd-af01-7e79aa7ce7ec/C_unitBT1-094.png
BT1-93,果実のウッドレイス,ユニット,C,3,緑,4000,1000,緑1,メテオラス/ウッドレイス,次元の来訪者,,ウッドレイスは動物と植物の中間の生物の総称であり、その姿は多種多様。故に収拾がつかず、無法地帯と化している。,流セイヤ,https://yhytewknpiutznqvlupd.supabase.co/storage/v1/object/public/card-images/BT1/befa419b-cf9d-43e1-935d-672f8c928153/C_unitBT1-093.png
BT1-92,エルフのリーダー グムリン,ユニット,R,3,緑,2000,-,緑2,メテオラス/エルフ,次元の来訪者,【登場時】≪レイキ追加1≫（自分のレイキデッキの上から1枚をレイキエリアに置く）,「あのフェアリーの小娘め！余所者を味方につけよって！！そんなにもエルフを滅ぼしたいか！！」,モト,https://yhytewknpiutznqvlupd.supabase.co/storage/v1/object/public/card-images/BT1/f44eaba5-2e8c-4781-9848-1883a53adfdd/R_unitBT1-092.png
BT1-91,偵察するエルフ,ユニット,C,3,緑,4000,1000,緑1,メテオラス/エルフ,次元の来訪者,,とっても長寿なメテオラスの住人。他種族に対して排他的であり、ウッドレイスとフェアリーを見下している。,モト,https://yhytewknpiutznqvlupd.supabase.co/storage/v1/object/public/card-images/BT1/45d58055-90af-463b-890c-d1c92608ee28/C_unitBT1-091.png
BT1-90,ヤーマ,ユニット,C,2,緑,3000,1000,緑1,ヤーマ/CNP,次元の来訪者,,プロローグ⑧:ホールを超えたCNPたちの目の前に広がったのは、まだ見ぬ新天地。彼らの冒険はここから始まる。,コメスケ,https://yhytewknpiutznqvlupd.supabase.co/storage/v1/object/public/card-images/BT1/fe51e334-18e3-49ed-b063-9e732a331ffb/C_unitBT1-090.png
BT1-89,オロチ,ユニット,C,2,緑,2000,2000,緑1,オロチ/CNP,次元の来訪者,,プロローグ⑦:このホールの先に神器を奪った犯人達がいるのであろうという確信を持ちCNPたちはゲートに飛び込んだ。,流セイヤ,https://yhytewknpiutznqvlupd.supabase.co/storage/v1/object/public/card-images/BT1/1b013cde-4337-4f09-a930-17c6fa8e910b/C_unitBT1-089.png
BT1-88,保安部部長 ヘルナ　,サポーター,R,5,黄,-,-,黄3,ミッドガン/トゥルーリア学派/人間,次元の来訪者,【登場時】自分の手札から、黄のコスト4以下のイベントカード1枚をコストを支払わずに使用できる。 【自分のターン終了時】このサポーターをレストすることで、≪レイキ回復1≫（自分のレイキ1枚をアクティブにする）。,保安部は学派が持つ事実上の「警察兼軍隊」。ミッドガン内にレイキの反応が発生した事を確認し、トワたちを捜索している。,モト,https://yhytewknpiutznqvlupd.supabase.co/storage/v1/object/public/card-images/BT1/213f7b6e-3a55-4981-b595-6b17c799e5bf/R_supportBT1-088.png
BT1-87,謎の少女,サポーター,RR,2,黄,-,-,黄2,ミッドガン/反学派/人間,次元の来訪者,【メイン】このサポーターをレストすることで、ターン終了まで、次に自分の手札から、イベントカードを使用するとき、支払う無色コスト-1。,トワとセツナに接触してきた謎の少女。異種族間コミュニケーション用翻訳機を持っており、それによりトワたちに協力を強制した。,コメスケ,https://yhytewknpiutznqvlupd.supabase.co/storage/v1/object/public/card-images/BT1/a94f2d34-88a1-4905-b783-f782163784f9/RR_supportBT1-087.png
BT1-86,奥義:トワとセツナの未来視,イベント,RR,5,黄,-,-,黄2,-,次元の来訪者,特徴に「トワ」/「セツナ」を持つ自分のユニットがアタックしている間、自分の手札から、このカードを使用するとき、支払う無色コスト-2。 【メイン】【コンバット】自分の手札1枚を自分のユニットが制圧している拠点のゲージの上に置く。,トワとセツナの未来を見通す力。 その目には何が映るのか。,株式会社アイラボ,https://yhytewknpiutznqvlupd.supabase.co/storage/v1/object/public/card-images/BT1/e82cd1bb-a4a9-4875-9c57-0a4de76a8f93/RR_eventBT1-086.png
BT1-85,奥義:テンシュの呪詛,イベント,R,4,黄,-,-,黄2,-,次元の来訪者,特徴に「セイドウ」を持つ自分のユニットがいる間、自分の手札から、このカードを使用するとき、支払う無色コスト-2。 【メイン】コスト5以下の相手のユニット1体を手札に戻す。,「ひれ伏せ」,小山内えのん,https://yhytewknpiutznqvlupd.supabase.co/storage/v1/object/public/card-images/BT1/69990f32-ff2d-4f55-8092-f50fdd3d5c4f/R_eventBT1-085.png
BT1-84,情報の吟味,イベント,R,3,黄,-,-,黄1,-,次元の来訪者,【メイン】ターン終了まで、次に自分の手札から、ユニットカードを登場させるとき、支払う無色コスト-4。,「協力するならかくまってあげるよ。協力しないなら保安部に突き出すだけだけど」ほかに選択肢はないようだ。,流セイヤ,https://yhytewknpiutznqvlupd.supabase.co/storage/v1/object/public/card-images/BT1/ffa5527b-4ab8-4a03-9173-00ed71d18871/R_eventBT1-084.png
BT1-83,怪しい？協力依頼,イベント,C,3,黄,-,-,黄1,-,次元の来訪者,【メイン】【コンバット】自分のデッキの上から5枚オープンする。その中のイベントカード1枚とサポーターカード1枚を手札に加える。残りはデッキの下に戻す。,謎の少女はトワ達を路地裏へと連れ込んだ。「ねぇ貴方たち、ここの人じゃないよね？『私たち』に協力してくれないかな？」,流セイヤ,https://yhytewknpiutznqvlupd.supabase.co/storage/v1/object/public/card-images/BT1/ffad2ecd-4dd0-4690-900a-06375a90cef2/C_eventBT1-083.png
BT1-82,到着！ミッドガン！,イベント,R,2,黄,-,-,黄1,-,次元の来訪者,【メイン】【コンバット】自分のデッキの上から5枚オープンする。その中のユニットカード1枚を手札に加える。残りはデッキの下に戻す。,発展と研究の都市ミッドガン。セイドウが侵略を試みているものの、強力な「機兵」たちによって戦況は好調らしい。,モト,https://yhytewknpiutznqvlupd.supabase.co/storage/v1/object/public/card-images/BT1/389294a3-83f2-4209-9aa8-a050cced9ed5/R_eventBT1-082.png
BT1-81,裏取引,イベント,C,2,黄,-,-,黄1,-,次元の来訪者,【コンバット】お互いは≪1ドロー≫（デッキからカードを1枚引く）。その後、相手の助太刀1枚をデッキの上に戻す。,「助かるよ」,流セイヤ,https://yhytewknpiutznqvlupd.supabase.co/storage/v1/object/public/card-images/BT1/3d7a55f2-2e25-4507-b2a2-43204628afab/C_eventBT1-081.png
BT1-80,レイキの研究,イベント,C,1,黄,-,-,黄1,-,次元の来訪者,【メイン】このターン終了時、≪レイキ回復3≫（自分のレイキ3枚までをアクティブにする）。,「何度みても驚嘆するよ…こんなにも超常的で優れたエネルギーがあるなんて…」,小山内えのん,https://yhytewknpiutznqvlupd.supabase.co/storage/v1/object/public/card-images/BT1/c9f1bce6-ce58-4eb5-851b-029b87ea1128/C_eventBT1-080.png
BT1-79,徹底抗戦,イベント,C,1,黄,-,-,黄1,-,次元の来訪者,【コンバット】コスト3以下の相手のユニット1体を手札に戻す。,報道：「本日も我が軍はセイドウの撃退に成功！！我々の勝利は目前です！！」,流セイヤ,https://yhytewknpiutznqvlupd.supabase.co/storage/v1/object/public/card-images/BT1/37f449a9-9217-4425-b638-148cc856ec5c/C_eventBT1-079.png
BT1-78,トワ,ユニット,RRR,8,黄,8000,-,黄4,トワ/CNP,次元の来訪者,≪ゲージバーン≫（このユニットが減らしたゲージは破棄される） 【登場時】コスト6以下の相手のユニット1体を手札に戻す。,トワは、好奇心旺盛で行動的。失敗を恐れずに挑戦することで、仲間を勇気づける存在。,オノダイサム,https://yhytewknpiutznqvlupd.supabase.co/storage/v1/object/public/card-images/BT1/cbbe1a12-6939-4fff-9e2e-82e6ff90b231/RRR_unitBT1-078.png
BT1-77,セツナ,ユニット,RRR,6,黄,6000,2000,黄3,セツナ/CNP,次元の来訪者,【登場時】自分のデッキの上から5枚オープンする。その中のイベントカード1枚を手札に加える。残りはデッキの下に戻す。 【自分のターン終了時】≪レイキ回復2≫（自分のレイキ2枚までをアクティブにする）,口数は少ないが思慮深く、本質を見抜く力を持つ白猫のセツナ。双子のトワの良き理解者でもある。,モト,https://yhytewknpiutznqvlupd.supabase.co/storage/v1/object/public/card-images/BT1/0234ac72-74c9-471e-a7c5-47744a9efc5b/RRR_unitBT1-077.png
BT1-76,イザナミ・試験機,ユニット,R,6,黄,9000,-,黄4,ミッドガン/トゥルーリア学派/機械,次元の来訪者,【相手のターン開始時】アクティブ状態の自分のレイキがないなら、このユニットを退場させる。,学派が開発したレイキを動力に駆動する対セイドウ用新型機兵試験機。,オノダイサム,https://yhytewknpiutznqvlupd.supabase.co/storage/v1/object/public/card-images/BT1/5871b6aa-881b-4a09-b9c2-fdb1718dd353/R_unitBT1-076.png
BT1-75,テンシュ,ユニット,RR,5,黄,5000,1000,黄1,セイドウ/テンシュ,次元の来訪者,【自分のターン終了時】このユニットが制圧中なら、コスト4以下の相手のユニット1体を手札に戻す。,セイドウの幹部。次元を超越する能力など様々な強力な術を行使できる。目的は不明だが「三種の神器」を強奪しこの世界にきた。,コメスケ,https://yhytewknpiutznqvlupd.supabase.co/storage/v1/object/public/card-images/BT1/c0e2fb25-68fd-4a83-b5ac-5b9c5e65344e/RR_unitBT1-075.png
BT1-74,高機動型大型機兵,ユニット,R,5,黄,5000,1000,黄3,ミッドガン/トゥルーリア学派/機械,次元の来訪者,【登場時】コスト2以下の相手のユニット1体を手札に戻す。,学派の研究は非常に過激で事故等の犠牲者も後を絶たないが、その名誉の死による恩恵を享受している民たちは学派を批判できない。,オノダイサム,https://yhytewknpiutznqvlupd.supabase.co/storage/v1/object/public/card-images/BT1/6332934c-1195-4b80-bb45-066d6d37f14f/R_unitBT1-074.png
BT1-73,機械ペット・熊,ユニット,C,5,黄,6000,1000,黄1,ミッドガン/機械/アニマル,次元の来訪者,,動物は学派に厳重に管理されており、ミッドガンにはいない為、機械ペットなるものが流行している。,小山内えのん,https://yhytewknpiutznqvlupd.supabase.co/storage/v1/object/public/card-images/BT1/da5da4fd-3009-4a2d-9654-77e565024a92/C_unitBT1-073.png
BT1-72,大型機兵,ユニット,C,5,黄,6000,1000,黄1,ミッドガン/トゥルーリア学派/機械,次元の来訪者,,学派が表面上は「防衛用兵器」として制作していた巨大な機兵。,小山内えのん,https://yhytewknpiutznqvlupd.supabase.co/storage/v1/object/public/card-images/BT1/e9f1713a-98d5-4f0e-ae68-68725241d4fd/C_unitBT1-072.png
BT1-71,式神・狐,ユニット,C,4,黄,4000,1000,ー,セイドウ/式神,次元の来訪者,【自分のターン終了時】このユニットが制圧中なら、≪レイキ回復1≫（自分のレイキ1枚をアクティブにする）。,狐を模した形代で召喚した式神。テンシュのお気に入り。,流セイヤ,https://yhytewknpiutznqvlupd.supabase.co/storage/v1/object/public/card-images/BT1/273a3db8-8761-47a7-85da-e326f5afa111/C_unitBT1-071.png
BT1-70,クオンタム,ユニット,RR,4,黄,4000,1000,黄2,トワ/CNP,次元の来訪者,≪ゲージバーン≫（このユニットが減らしたゲージは破棄される）,黒猫のトワが量子の力を身に纏った姿。全身から発する光で相手を惑わせる。,株式会社アイラボ,https://yhytewknpiutznqvlupd.supabase.co/storage/v1/object/public/card-images/BT1/ececcb65-5f94-4be5-862e-95805e3625da/RR_unitBT1-070.png
BT1-69,機械ペット・犬,ユニット,C,4,黄,5000,1000,黄1,ミッドガン/機械/アニマル,次元の来訪者,,「野良猫！？保安部に通報しなきゃ！！」トワとセツナは駆け出した。どうやらこの都市では野良猫は通報対象らしい。,モト,https://yhytewknpiutznqvlupd.supabase.co/storage/v1/object/public/card-images/BT1/296a90fb-f69d-4924-9eb7-b1c8f065b1e3/C_unitBT1-069.png
BT1-68,機械人,ユニット,C,4,黄,5000,1000,黄1,ミッドガン/人間/機械,次元の来訪者,,ミッドガンの高い技術力は機械すら人たらしめた。,株式会社アイラボ,https://yhytewknpiutznqvlupd.supabase.co/storage/v1/object/public/card-images/BT1/f4da2cf9-08dc-436d-9992-3b15860a9bfa/C_unitBT1-068.png
BT1-67,ミッドガンの市民,ユニット,C,3,黄,4000,1000,黄1,ミッドガン/人間,次元の来訪者,,ミッドガンの一般市民は、トゥルーリア学派がもたらす科学の恩恵を受け、不自由なく暮らしている。,株式会社アイラボ,https://yhytewknpiutznqvlupd.supabase.co/storage/v1/object/public/card-images/BT1/b8df3366-971c-4384-8121-3019cfe91c0b/C_unitBT1-067.png
BT1-66,マネキネコ,ユニット,RR,3,黄,3000,1000,黄2,セツナ/CNP,次元の来訪者,【アタック時】自分のデッキの上から2枚オープンする。その中のイベントカード1枚を手札に加える。残りはデッキの下に戻す。,黒猫のトワが、招き猫に変化した姿。仲間に勝利と幸福を呼び寄せる。,翠月,https://yhytewknpiutznqvlupd.supabase.co/storage/v1/object/public/card-images/BT1/d7326b59-8ce1-49f3-a2b4-f416abe3481c/RR_unitBT1-066.png
BT1-65,負傷した反学派構成員,ユニット,C,3,黄,4000,1000,黄1,ミッドガン/反学派/人間,次元の来訪者,,技術発展のためならどんな犠牲も厭わない学派の思想を快く思わない者たちは、「反学派」として届かぬ声を挙げた。,株式会社アイラボ,https://yhytewknpiutznqvlupd.supabase.co/storage/v1/object/public/card-images/BT1/fe4adfbe-b806-4479-af8a-c1535ab5476a/C_unitBT1-065.png
BT1-64,トゥルーリア学派総合研究長 ネハシーン,ユニット,R,3,黄,2000,-,黄2,ミッドガン/トゥルーリア学派/人間,次元の来訪者,【登場時】自分のデッキの上から3枚オープンする。その中の特徴に「トゥルーリア学派」を持つカード1枚を手札に加える。残りはデッキの下に戻す。,発展と研究が何よりも優先されるミッドガンでは、学ぶことが最も尊いとされ、「学派」は膨大な権力を持ち、事実上の政府である。,翠月,https://yhytewknpiutznqvlupd.supabase.co/storage/v1/object/public/card-images/BT1/be9be78f-f45a-4517-a42a-1368489817d5/R_unitBT1-064.png
BT1-63,トゥルーリア学派の役員,ユニット,C,3,黄,4000,1000,黄1,ミッドガン/トゥルーリア学派/人間,次元の来訪者,,トゥルーリア学派は、最も効率的に科学を発展させるために設立された流派。その精神性が評価され、現在では主流となっている。,株式会社アイラボ,https://yhytewknpiutznqvlupd.supabase.co/storage/v1/object/public/card-images/BT1/4eec576c-8cac-48f9-8ec2-2f3c8f4a9ae6/C_unitBT1-063.png
BT1-62,トワ,ユニット,C,2,黄,2000,2000,黄1,トワ/CNP,次元の来訪者,,プロローグ⑥:「とにかくやばい」「怒られたくない」——様々な思いが交錯する中、手がかりを前に、できることは一つだった。,コメスケ,https://yhytewknpiutznqvlupd.supabase.co/storage/v1/object/public/card-images/BT1/3257436a-c2f1-4602-9a19-f8bbd6a65d79/C_unitBT1-062.png
BT1-61,セツナ,ユニット,C,2,黄,3000,1000,黄1,セツナ/CNP,次元の来訪者,,プロローグ⑤:CNPたちは慌て混乱した。三種の神器が無くなれば、儀式が成立しないどころか、大問題に発展しかねないからだ。,モト,https://yhytewknpiutznqvlupd.supabase.co/storage/v1/object/public/card-images/BT1/43606cbf-4434-4e65-bcc8-fb00d527efe6/C_unitBT1-061.png
BT1-60,式神・兵隊,ユニット,C,2,黄,2000,1000,ー,セイドウ/式神,次元の来訪者,,最も効率よく召喚・動作するように調整された式神。,流セイヤ,https://yhytewknpiutznqvlupd.supabase.co/storage/v1/object/public/card-images/BT1/70f50101-07db-4db3-9001-7dc9e6f3485e/C_unitBT1-060.png
BT1-59,キングオーガ オウドン,サポーター,R,6,赤,-,-,赤3,カグツチ/オーガ,次元の来訪者,【登場時】自分の手札から、赤のコスト5以下のユニットカード1枚をコストを支払わずに登場できる。 【メイン】このサポーターをレストすることで、≪1ドロー≫（デッキからカードを1枚引く）。その後、自分の手札1枚を破棄する。,オーガ族の王。あまり賢くないがオーガやドワーフたちのことを第一に考えており、守り神を討ってでも止めるために尽力している。,オノダイサム,https://yhytewknpiutznqvlupd.supabase.co/storage/v1/object/public/card-images/BT1/59fe958e-a2f8-42e0-b5de-0fccc2c56c44/R_supportBT1-059.png
BT1-58,竜人の協力者 ツミカ,サポーター,RR,1,赤,-,-,赤1,カグツチ/竜人,次元の来訪者,【メイン】このサポーターをレストすることで、ターン終了まで、自分のユニット1体は「【アタック終了時】≪助太刀回収1≫（自分のトラッシュから、このバトルで助太刀に使用したユニットカード1枚を手札に戻せる）」の効果を得る。,内気な竜人。頭の回転の早さと他者の思惑を察する感度の高さから、マカミやナルカミの意図を汲んで、さりげなく導いていく。,コメスケ,https://yhytewknpiutznqvlupd.supabase.co/storage/v1/object/public/card-images/BT1/2eef537f-9428-4872-aebc-7b6f7e22bb3f/RR_supportBT1-058.png
BT1-57,奥義:マカミの爪撃,イベント,R,6,赤,-,-,赤2,-,次元の来訪者,特徴に「マカミ」を持つ自分のユニットがいる間、自分の手札から、このカードを使用するとき、支払う無色コスト-2。 【メイン】BP7000以下の相手のユニット1体を退場させる。,オオカミのマカミは、鉤爪を活かした連続攻撃が得意。,小山内えのん,https://yhytewknpiutznqvlupd.supabase.co/storage/v1/object/public/card-images/BT1/0bd69853-17d1-45a5-995b-87627a940e57/R_eventBT1-057.png
BT1-56,圧倒的な戦力,イベント,R,6,赤,-,-,赤2,-,次元の来訪者,【コンバット】BP6000以下の相手のユニット1体を退場させる。,「セイドウがっ！！！なんぼのもんじゃ～～～っ！！！」,株式会社アイラボ,https://yhytewknpiutznqvlupd.supabase.co/storage/v1/object/public/card-images/BT1/98cedc32-3d36-4a85-8e49-fbb1018b5136/R_eventBT1-056.png
BT1-55,キングオーガの号令,イベント,C,5,赤,-,-,赤2,-,次元の来訪者,【メイン】BP合計5000以下になるように相手のユニットを選び、選んだユニットを退場させる。,「神が堕ちようとも、我々の魂は堕ちず！！」 「たとえ神を討つことになっても、セイドウとの闘いに勝利する！！」,モト,https://yhytewknpiutznqvlupd.supabase.co/storage/v1/object/public/card-images/BT1/21656d3a-a959-4fb0-b7cd-8c7f0b80ab10/C_eventBT1-055.png
BT1-54,錬成,イベント,C,3,赤,-,-,赤1,-,次元の来訪者,【メイン】【コンバット】自分の手札から、赤のコスト4以下のユニットカード1枚をコストを支払わずに登場できる。,ドワーフはひたすらに彫る。 勝利のために。,株式会社アイラボ,https://yhytewknpiutznqvlupd.supabase.co/storage/v1/object/public/card-images/BT1/bb8b1e32-fcea-40b1-8a36-8741847ee6cb/C_eventBT1-054.png
BT1-53,サラマンダーのクロヤキ,イベント,C,3,赤,-,-,赤1,-,次元の来訪者,【メイン】ターン終了まで、自分のユニット1体は「【アタック終了時】≪助太刀回収5≫（自分のトラッシュから、このバトルで助太刀に使用したユニットカード5枚までを手札に戻せる）」の効果を得る。,「食べないんですか～？」,オノダイサム,https://yhytewknpiutznqvlupd.supabase.co/storage/v1/object/public/card-images/BT1/410b3394-db89-4eaa-9d42-4d044d22f1ff/C_eventBT1-053.png
BT1-52,奥義:ナルカミの警戒,イベント,RR,3,赤,-,-,赤1,-,次元の来訪者,特徴に「ナルカミ」を持つ自分のユニットがアタックしている間、自分の手札から、このカードを使用するとき、支払う無色コスト-2。 【メイン】【コンバット】≪2ドロー≫（デッキからカードを2枚引く）。その後、自分の手札1枚を破棄する。,ナルカミの察知能力はあらゆる危険を遠ざける。,だがあ,https://yhytewknpiutznqvlupd.supabase.co/storage/v1/object/public/card-images/BT1/95a2cd2e-b9e5-41ce-a81a-91c5d61761ac/RR_eventBT1-052.png
BT1-51,竜人の怒り,イベント,R,2,赤,-,-,赤1,-,次元の来訪者,【コンバット】BP4000以下の相手のユニット1体を退場させる。,竜人たちの怒りもオーガたちの必死さも両方を理解したマカミとナルカミはどちらに協力するか割り切れないでいた。,小山内えのん,https://yhytewknpiutznqvlupd.supabase.co/storage/v1/object/public/card-images/BT1/6527d57c-374f-4931-bca4-8a994fe878bd/R_eventBT1-051.png
BT1-50,到着！カグツチ！,イベント,C,2,赤,-,-,赤1,-,次元の来訪者,【メイン】≪2ドロー≫（デッキからカードを2枚引く）。その後、自分の手札1枚を破棄する。,力と信仰の都市カグツチ。セイドウの暗躍により守り神が暴走し、その影響で火山が活性化。このままでは滅亡は避けられない。,翠月,https://yhytewknpiutznqvlupd.supabase.co/storage/v1/object/public/card-images/BT1/d2041952-3c2b-4c34-a1c4-dd5151e72d29/C_eventBT1-050.png
BT1-49,ブレイズ,ユニット,RR,7,赤,7000,-,赤2,マカミ/CNP,次元の来訪者,≪奪取≫（このユニットのアタックで、制圧中の相手のユニットを退場させたとき、その拠点の相手のゲージ1枚を減らす）,オオカミのマカミが焔の力を身に纏った姿。燃える闘志で、あらゆる困難に立ち向かう。,コメスケ,https://yhytewknpiutznqvlupd.supabase.co/storage/v1/object/public/card-images/BT1/2298587d-0337-41a9-a077-9c6c80d8ede2/RR_unitBT1-049.png
BT1-48,パワードゴーレム:V,ユニット,C,7,赤,7000,1000,赤2,カグツチ/ゴーレム,次元の来訪者,【アタック時】BP合計3000以下になるように相手のユニットを選び、選んだユニットを退場させる。,守り神を討つことを想定し、ドワーフたちが鍛造した試作兵器。その実力を測るために対式神戦に導入された。,株式会社アイラボ,https://yhytewknpiutznqvlupd.supabase.co/storage/v1/object/public/card-images/BT1/7f2b2926-58d1-45c8-928a-5d637f9c81f1/C_eventBT1-048.png
BT1-47,カゲロウ,ユニット,R,7,赤,6000,1000,赤1,セイドウ/カゲロウ,次元の来訪者,【登場時】自分の手札から、特徴に「式神」を持つコスト6以下のユニットカード1枚をコストを支払わずに登場できる。,テンシュの部下。元破戒僧であり気性が荒い。カグツチの守り神を神器の力により暴走させ、侵略を進めている。,翠月,https://yhytewknpiutznqvlupd.supabase.co/storage/v1/object/public/card-images/BT1/92a42fb4-3d7f-481f-8685-b7b8ede60bf7/R_unitBT1-047.png
BT1-46,式神・炎竜,ユニット,R,6,赤,5000,1000,ー,セイドウ/式神,次元の来訪者,【登場時】BP4000以下の相手のユニット1体を退場させる。,幼竜を模した形代で召喚した式神。決して戦闘力が高い式神ではないが、戦闘を行う度に成長しやがて進化する能力を持つ。,小山内えのん,https://yhytewknpiutznqvlupd.supabase.co/storage/v1/object/public/card-images/BT1/5c62c7ee-cb3e-4a14-a1ef-91ef0327b5ee/R_unitBT1-046.png
BT1-45,マカミ,ユニット,RRR,5,赤,5000,-,赤3,マカミ/CNP,次元の来訪者,≪奪取≫（このユニットのアタックで、制圧中の相手のユニットを退場させたとき、その拠点の相手のゲージ1枚を減らす） 【登場時】他の自分のユニット1体を手札に戻すことで、ターン終了まで、このユニットをBP+2000。,穏やかで包容力があり、周囲から一目置かれるオオカミのマカミ。慈悲深く、仲間を傷つけるものとは容赦なく戦う。,モト,https://yhytewknpiutznqvlupd.supabase.co/storage/v1/object/public/card-images/BT1/5d9edcaa-eca6-4458-bee5-a11728b7a49c/RRR_unitBT1-045.png
BT1-44,ホムラノワイバーン,ユニット,C,4,赤,5000,1000,赤1,カグツチ/ドラゴン,次元の来訪者,,守り神の暴走によって火山活動が活性化し、中規模の噴火が続発。その火山灰が生態系に著しい被害を与えている。,株式会社アイラボ,https://yhytewknpiutznqvlupd.supabase.co/storage/v1/object/public/card-images/BT1/51bfe175-f41e-4e69-861e-24c2207a34ea/C_unitBT1-044.png
BT1-43,量産型ゴーレム,ユニット,C,4,赤,5000,1000,赤1,カグツチ/ゴーレム,次元の来訪者,,ドワーフが鍛造した兵器。 セイドウの式神に対抗し侵略を防いでいる。,翠月,https://yhytewknpiutznqvlupd.supabase.co/storage/v1/object/public/card-images/BT1/de5134a9-4342-4db5-9d2a-52c8991f5024/C_unitBT1-043.png
BT1-42,竜人のリーダー ミバツ,ユニット,R,4,赤,4000,1000,赤2,カグツチ/竜人,次元の来訪者,【アタック終了時】≪助太刀回収1≫（自分のトラッシュから、このバトルで助太刀に使用したユニットカード1枚を手札に戻せる）,竜人族のリーダー。娘のツミカと共にナルカミたちに接触し、守り神を討とうとするオーガたちを止めようと協力を依頼する。,コメスケ,https://yhytewknpiutznqvlupd.supabase.co/storage/v1/object/public/card-images/BT1/c59497d9-f0ad-4fe9-83c0-0fcb28fac1d2/R_unitBT1-042.png
BT1-41,ナルカミ,ユニット,RRR,4,赤,4000,2000,赤3,ナルカミ/CNP,次元の来訪者,【登場時】≪2ドロー≫（デッキからカードを2枚引く）。その後、自分の手札2枚を破棄する。,真面目で責任感が強い、しっかり者。空から周囲に目を配り、危険をいち早く察知する。,株式会社アイラボ,https://yhytewknpiutznqvlupd.supabase.co/storage/v1/object/public/card-images/BT1/d79bc8bc-0043-4425-b249-e8c09bc09895/RRR_unitBT1-041.png
BT1-40,呑気な竜人,ユニット,C,3,赤,5000,-,赤1,カグツチ/竜人,次元の来訪者,,竜人たちは信心深く、守り神がセイドウの手に堕ちた後も信仰を捨てず、守り神を攻撃しようとするオーガたちと対立している。,だがあ,https://yhytewknpiutznqvlupd.supabase.co/storage/v1/object/public/card-images/BT1/fa482bbd-8b22-4bf6-9485-4cb80bbf88b3/C_unitBT1-040.png
BT1-39,フェニックス,ユニット,RR,3,赤,2000,1000,赤2,ナルカミ/CNP,次元の来訪者,【相手のターン】このユニットをBP+4000。,鷹のナルカミがフェニックスに変化した姿。激しい攻撃を受けても不死鳥のようによみがえる。,コメスケ,https://yhytewknpiutznqvlupd.supabase.co/storage/v1/object/public/card-images/BT1/adc9db4a-47d1-46b5-9f0b-dc30e2e4b760/RR_unitBT1-039.png
BT1-38,式神・炎百足,ユニット,C,3,赤,3000,1000,ー,セイドウ/式神,次元の来訪者,,百足を模した形代で召喚した式神。元々はただの百足の式神であったが、カグツチの環境に影響され炎を纏うようになった。,翠月,https://yhytewknpiutznqvlupd.supabase.co/storage/v1/object/public/card-images/BT1/25281651-cb31-4d6c-8d20-2c793b2c839f/C_unitBT1-038.png
BT1-37,オイシノサラマンダー,ユニット,C,3,赤,4000,1000,赤1,カグツチ/サラマンダー,次元の来訪者,,カグツチの人気食材:クロヤキが美味,株式会社アイラボ,https://yhytewknpiutznqvlupd.supabase.co/storage/v1/object/public/card-images/BT1/692df52a-4379-4fcd-9610-bc68cd21ffe1/C_unitBT1-037.png
BT1-36,抵抗するオーガ,ユニット,C,3,赤,4000,1000,赤1,カグツチ/オーガ,次元の来訪者,,オーガたちはカグツチを守るためにセイドウと戦い、守り神を討とうとするも、守り神を信仰する竜人の妨害に遭っている。,だがあ,https://yhytewknpiutznqvlupd.supabase.co/storage/v1/object/public/card-images/BT1/fd75878b-f5a2-4b64-8b5e-1676cb44c4f3/C_unitBT1-036.png
BT1-35,マグマメタモル,ユニット,R,2,赤,5000,-,赤2,カグツチ/メタモル,次元の来訪者,【自分のターン】このユニットがアタックしている間、自分は助太刀できない。,マグマを取り込んだメタモルは、他のメタモルに比べて凶暴で好戦的だが、体が重いため、獲物に逃げられることが多い。,だがあ,https://yhytewknpiutznqvlupd.supabase.co/storage/v1/object/public/card-images/BT1/b906254f-b3c4-4cc5-9639-4b4e41b14b6a/R_unitBT1-035.png
BT1-34,マカミ,ユニット,C,2,赤,3000,1000,赤1,マカミ/CNP,次元の来訪者,,プロローグ④:三種の神器の代わりにあったのは禍々しく輝く「ホール」であった。,竜弥,https://yhytewknpiutznqvlupd.supabase.co/storage/v1/object/public/card-images/BT1/9abdb0d4-74c8-4c63-aa69-75bce013a5a5/C_unitBT1-034.png
BT1-33,ナルカミ,ユニット,C,2,赤,2000,2000,赤1,ナルカミ/CNP,次元の来訪者,,プロローグ➂:CNPたちが三種の神器を取りに祭壇に向かうと、そこに既に神器は無く…。,小山内えのん,https://yhytewknpiutznqvlupd.supabase.co/storage/v1/object/public/card-images/BT1/bd5f642b-983e-4e53-b021-cd753ecea9e0/C_unitBT1-033.png
BT1-32,鍛冶場のドワーフ,ユニット,C,1,赤,2000,1000,赤1,カグツチ/ドワーフ,次元の来訪者,,カグツチの文明を支えている職人たち。オーガたちと協力しセイドウと守り神を討伐するために行動している。,だがあ,https://yhytewknpiutznqvlupd.supabase.co/storage/v1/object/public/card-images/BT1/cef48049-134e-4dc9-8575-957a49e4bf77/C_unitBT1-032.png
BT1-31,サンドワーム,ユニット,C,1,赤,2000,1000,赤1,カグツチ/サンドワーム,次元の来訪者,,サンドワームが地上に這い出るのは、都市が溶岩に吞み込まれる程の大噴火の予兆とされており、残された時間が少ないことを示す。,株式会社アイラボ,https://yhytewknpiutznqvlupd.supabase.co/storage/v1/object/public/card-images/BT1/f79a7ac1-6730-4158-9936-c0bf2a3339c0/C_unitBT1-031.png
BT1-30,海賊の頭領 スイゲツ,サポーター,R,5,青,-,-,青3,アクアノーヴァ/海賊,次元の来訪者,【登場時】コスト4以下の相手のユニット1体を退場させる。 【メイン】このサポーターをレストすることで、ターン終了まで、自分のユニット全てをBP+1000。,海賊と出会ったリーリーたちは、彼らの目標である「セイドウからの解放」に共感し協力する事を決めた。,株式会社アイラボ,https://yhytewknpiutznqvlupd.supabase.co/storage/v1/object/public/card-images/BT1/cc60e802-66f1-44fa-90a7-b926dede1c30/R_supportBT1-030.png
BT1-29,ハイメタモルの協力者 ミナモ,サポーター,RR,2,青,-,-,青2,アクアノーヴァ/メタモル,次元の来訪者,【メイン】このサポーターをレストすることで、ターン終了まで、自分のユニット1体をBP+2000。,あらゆる生物と意思疎通ができるテレパシー能力を持ち、それによってリーリーやルナと意思疎通し、彼らを導く。,コメスケ,https://yhytewknpiutznqvlupd.supabase.co/storage/v1/object/public/card-images/BT1/181f723e-5d90-4b0f-b146-b72d5c5892ac/RR_supportBT1-029.png
BT1-28,戦火のアクアノーヴァ,イベント,C,6,青,-,-,青2,-,次元の来訪者,【メイン】コスト7以下の相手のユニット1体を退場させる。,アクアノーヴァはかつて水と平和の都市だった。現在はセイドウに支配され、民は圧政に苦しんでいる。,だがあ,https://yhytewknpiutznqvlupd.supabase.co/storage/v1/object/public/card-images/BT1/53fb7843-1ef0-4c6e-a4ec-e9ffe79f143a/C_eventBT1-028.png
BT1-27,奥義:ルナの跳躍！,イベント,R,5,青,-,-,青2,-,次元の来訪者,特徴に「ルナ」を持つ自分のユニットがいる間、自分の手札から、このカードを使用するとき、支払う無色コスト-2。 【メイン】コスト5以下の相手のユニット1体を退場させる。,高く飛び上がり、急降下して繰り出すキック技。,だがあ,https://yhytewknpiutznqvlupd.supabase.co/storage/v1/object/public/card-images/BT1/9798fbe2-393c-48a0-afe6-10a6a56cf5f4/R_eventBT1-027.png
BT1-26,天体観測,イベント,R,4,青,-,-,青1,-,次元の来訪者,【メイン】≪2ドロー≫（デッキからカードを2枚引く）,この世界でも星は綺麗だ。 変な機械が混じっているけれど。,モト,https://yhytewknpiutznqvlupd.supabase.co/storage/v1/object/public/card-images/BT1/d816d675-f66e-47e9-9fee-6cea4142f7b6/R_eventBT1-026.png
BT1-25,奪還同盟結成！,イベント,C,3,青,-,-,青1,-,次元の来訪者,【メイン】ターン終了まで、自分のユニット全てをBP+3000。,重ねた手は結束と覚悟の表明。,だがあ,https://yhytewknpiutznqvlupd.supabase.co/storage/v1/object/public/card-images/BT1/bab2d7e3-2969-47b5-b5a6-8582e577be8e/C_eventBT1-025.png
BT1-24,不屈,イベント,C,2,青,-,-,青1,-,次元の来訪者,【コンバット】バトル終了まで、自分のユニット1体をBP+3000。,「俺たちはアクアノーヴァを取り戻す！！」,だがあ,https://yhytewknpiutznqvlupd.supabase.co/storage/v1/object/public/card-images/BT1/cc73e1b1-9a1b-4657-ae88-b1416e309427/C_eventBT1-024.png
BT1-23,奥義:リーリーの巨大化！,イベント,RR,2,青,-,-,青1,-,次元の来訪者,特徴に「リーリー」を持つ自分のユニットがいる間、自分の手札から、このカードを使用するとき、支払う無色コスト-1。 【メイン】ターン終了まで、自分のユニット1体をBP+5000。,見る見るうちに、見上げるほどに巨大化したリーリー。,だがあ,https://yhytewknpiutznqvlupd.supabase.co/storage/v1/object/public/card-images/BT1/6d2334f1-ee6a-4804-abbe-3962c2a13b04/RR_eventBT1-023.png
BT1-22,圧政,イベント,C,2,青,-,-,青2,-,次元の来訪者,【メイン】コスト3以下の相手のユニット1体を退場させる。,今のアクアノーヴァでは、セイドウの発言が絶対であり、抵抗する者は決して許されない。,モト,https://yhytewknpiutznqvlupd.supabase.co/storage/v1/object/public/card-images/BT1/d902dccf-9c66-4550-94a1-0798d2eb6be8/C_eventBT1-022.png
BT1-21,不穏な影,イベント,C,1,青,-,-,青1,-,次元の来訪者,【メイン】自分のレイキの枚数が相手のレイキの枚数以下なら、ターン終了まで、自分のユニット1体をBP+4000。,………。,だがあ,https://yhytewknpiutznqvlupd.supabase.co/storage/v1/object/public/card-images/BT1/40ae0525-91ac-453d-81cb-4c44c230d0c4/C_eventBT1-021.png
BT1-20,シロクマ,ユニット,RR,8,青,8000,-,青4,リーリー/CNP,次元の来訪者,【登場時】コスト5以下の相手のユニット1体を退場させる。,パンダのリーリーが変化。シロクマのような力強さと優雅さを併せ持つ姿に。,コメスケ,https://yhytewknpiutznqvlupd.supabase.co/storage/v1/object/public/card-images/BT1/dab35201-2d13-447d-bb63-0cfd0fec99c7/RR_unitBT1-020.png
BT1-19,ルナ,ユニット,RRR,7,青,7000,-,青5,ルナ/CNP,次元の来訪者,【登場時】ターン終了まで、青の自分のユニット全てをBP+3000。,ウサギのルナは、夜空を眺めて静かに過ごすのが好き。,コメスケ,https://yhytewknpiutznqvlupd.supabase.co/storage/v1/object/public/card-images/BT1/c80259c9-94dd-43e2-98ed-623f00784b8c/RRR_unitBT1-019.png
BT1-18,式神・テンゲイ,ユニット,RR,7,青,6000,-,ー,セイドウ/式神,次元の来訪者,【登場時】自分の手札が4枚以下なら、≪2ドロー≫（デッキからカードを2枚引く）。,アクアノーヴァに伝わる水神を具現化した式神。天候を操作する能力により洪水を引き起こし、アクアノーヴァ制圧に最も貢献した。,コメスケ,https://yhytewknpiutznqvlupd.supabase.co/storage/v1/object/public/card-images/BT1/82f8dbb5-440c-4db6-88c5-73df25759ead/RR_unitBT1-018.png
BT1-17,海水,ユニット,R,6,青,7000,1000,青3,リーリー/CNP,次元の来訪者,,パンダのリーリーは、海の姿にも変化できる特別な力を持っている。,モト,https://yhytewknpiutznqvlupd.supabase.co/storage/v1/object/public/card-images/BT1/2bb7c90c-a20a-4acd-a16f-9601bda50d65/R_unitBT1-017.png
BT1-16,アクアペンギンの長 ニヴェルト,ユニット,R,5,青,5000,1000,青2,アクアノーヴァ/アクアペンギン/海賊,次元の来訪者,【アタック時】ターン終了まで、自分のユニット1体をBP+2000。,海賊の一員でもあるアクアペンギンの族長。 リーリーたちに協力を求め、海賊のアジトへと導く。,株式会社アイラボ,https://yhytewknpiutznqvlupd.supabase.co/storage/v1/object/public/card-images/BT1/a43b1a0a-d2f3-449e-9698-2767aaa403fa/R_unitBT1-016.png
BT1-15,リーリー,ユニット,RRR,4,青,4000,2000,青3,リーリー/CNP,次元の来訪者,【アタック時】コスト2以下の相手のユニット1体を退場させる。 【自分のターン】このユニットをBP+2000。,パンダのリーリーはCNPの人気者。おっとりしているが、いざとなると巨大化して仲間を守る頼もしさも持っている。,コメスケ,https://yhytewknpiutznqvlupd.supabase.co/storage/v1/object/public/card-images/BT1/a62e4eed-aa4c-450e-afe7-09a3c10eee66/RRR_unitBT1-015.png
BT1-14,ギャラクシー,ユニット,RR,4,青,3000,1000,青2,ルナ/CNP,次元の来訪者,【退場時】≪1ドロー≫（デッキからカードを1枚引く）,星々の力を身に纏ったルナの姿。,モト,https://yhytewknpiutznqvlupd.supabase.co/storage/v1/object/public/card-images/BT1/356cfbee-e617-4100-8e57-f0b5e6d512e7/RR_unitBT1-014.png
BT1-13,遊泳するアクアペンギン,ユニット,C,4,青,5000,1000,青1,アクアノーヴァ/アクアペンギン,次元の来訪者,,アクアノーヴァに住んでいる知性を持ったペンギン。 腕っぷしが強い。,だがあ,https://yhytewknpiutznqvlupd.supabase.co/storage/v1/object/public/card-images/BT1/266f6594-968a-4491-91f3-ab7a085bc138/C_unitBT1-013.png
BT1-12,レイキ結合体:海水,ユニット,C,3,青,6000,-,青2,レイキ結合体,次元の来訪者,【登場時】自分のレイキ1枚をレイキデッキの下に戻す。,生まれるべきではなかった存在。,株式会社アイラボ,https://yhytewknpiutznqvlupd.supabase.co/storage/v1/object/public/card-images/BT1/39e96bba-f7d2-4881-8102-32a00107ccfd/C_unitBT1-012.png
BT1-11,ミカヅキ,ユニット,R,3,青,2000,1000,青1,セイドウ/ミカヅキ,次元の来訪者,【自分のターン】特徴に「セイドウ」を持つ自分のユニット全てをBP+2000。,テンシュの腹心。神器の力によって顕現させた「式神・テンゲイ」を用いてアクアノーヴァを支配した。,コメスケ,https://yhytewknpiutznqvlupd.supabase.co/storage/v1/object/public/card-images/BT1/33080123-5f95-4fcf-a894-cf6c25025179/R_unitBT1-011.png
BT1-10,式神・リュウグウノツカイ,ユニット,R,3,青,2000,1000,ー,セイドウ/式神,次元の来訪者,【登場時】コスト2以下の相手のユニット1体を退場させる。,リュウグウノツカイを模した形代で召喚した式神。市民たちが反乱を起こさないように監視している。,株式会社アイラボ,https://yhytewknpiutznqvlupd.supabase.co/storage/v1/object/public/card-images/BT1/db598983-9714-4353-83ce-82028cee3bd8/R_unitBT1-010.png
BT1-9,魚人の市民,ユニット,C,3,青,4000,1000,青1,アクアノーヴァ/魚人,次元の来訪者,,セイドウの支配下では魚人たちは強制労働に就かされ苦しめられている。,竜弥,https://yhytewknpiutznqvlupd.supabase.co/storage/v1/object/public/card-images/BT1/51ffd269-674d-4ff7-a6b4-92c97c2ba879/C_unitBT1-009.png
BT1-8,食事する海賊,ユニット,C,3,青,4000,1000,青1,アクアノーヴァ/海賊,次元の来訪者,,セイドウの圧政から逃れるためアクアノーヴァの人々が結束して誕生した組織が「海賊」である。,モト,https://yhytewknpiutznqvlupd.supabase.co/storage/v1/object/public/card-images/BT1/796320f3-c0d4-4723-8549-4aa3ff1f399b/C_unitBT1-008.png
BT1-7,カイスイメタモル,ユニット,R,3,青,2000,-,青2,アクアノーヴァ/メタモル,次元の来訪者,【登場時】≪1ドロー≫（デッキからカードを1枚引く）,海水を取り込んだメタモル。稀に知性を持った個体も誕生するらしく、それらは『ハイメタモル』と呼ばれている。,モト,https://yhytewknpiutznqvlupd.supabase.co/storage/v1/object/public/card-images/BT1/25340041-78ce-4747-9bc9-8b0dea4c3f0c/R_unitBT1-007.png
BT1-6,ルナ,ユニット,C,2,青,3000,1000,青1,ルナ/CNP,次元の来訪者,,プロローグ②:CNPたちには、三種の神器を儀式場まで届けるという大切な任務が託された。,モト,https://yhytewknpiutznqvlupd.supabase.co/storage/v1/object/public/card-images/BT1/5bb43310-2d50-4a7e-9b6a-519a18abe230/C_unitBT1-006.png
BT1-5,リーリー,ユニット,C,2,青,2000,2000,青1,リーリー/CNP,次元の来訪者,,プロローグ①:物語のはじまりは、とある儀式。,モト,https://yhytewknpiutznqvlupd.supabase.co/storage/v1/object/public/card-images/BT1/f4e34eed-b4ec-47c9-8095-827d7ac75513/C_unitBT1-005.png
BT1-4,メタモル,ユニット,C,2,青,4000,-,青1,アクアノーヴァ/メタモル,次元の来訪者,,メタモルはどんな環境にも適応する、原始の力を秘めた不定形生命体。,モト,https://yhytewknpiutznqvlupd.supabase.co/storage/v1/object/public/card-images/BT1/7a0f71dc-5187-4c0f-ba0f-a1196d3454c4/C_unitBT1-004.png
BT1-3,式神・ベタ,ユニット,C,2,青,2000,1000,ー,セイドウ/式神,次元の来訪者,,ベタを模した形代で召喚した式神。空中を高速で移動する。,株式会社アイラボ,https://yhytewknpiutznqvlupd.supabase.co/storage/v1/object/public/card-images/BT1/e64386f7-a33e-430a-83bd-ef8d6ee89341/C_unitBT1-003.png
BT1-2,式神・クラゲ,ユニット,C,2,青,2000,1000,ー,セイドウ/式神,次元の来訪者,,クラゲを模した形代で召喚した式神。大量に召喚し、数で圧倒することができる。,モト,https://yhytewknpiutznqvlupd.supabase.co/storage/v1/object/public/card-images/BT1/26d7c934-65ef-40f1-afd7-c39bcfc2b40b/C_unitBT1-002.png
BT1-1,アクアノーヴァの元飼い猫,ユニット,C,2,青,2000,1000,青1,アクアノーヴァ/アニマル,次元の来訪者,【登場時】ターン終了まで、自分のユニット1体をBP+1000。,自由になった飼い猫は主も探さずのんびりとしている。,株式会社アイラボ,https://yhytewknpiutznqvlupd.supabase.co/storage/v1/object/public/card-images/BT1/a3614bb9-1178-4c4b-bcee-83d9f82238b8/C_unitBT1-001.png